url,snapshot
https://https/opinion/columnas/sera-justicia-defina-violencia-sufrimos.html,20250210201157
https://https/mujer/violencia-machista/igualdad-confirma-asesinato-violencia-machista-mujer-langreo.html,20250210201157
https://https/mujer/violencia-machista/hombre-mata-mujer-langreo-asturias-1.html,20250210201157
https://https/mujer/violencia-machista/rubiales-juicio-beso-destapo-machismo-futbol-espanol.html,20250210201157
https://https/mujer/violencia-machista/dominique-pelicot-interrogado-presunta-implicacion-dos-violaciones-asesinato.html,20250210201157
https://https/mujer/violencia-machista/juez-pide-mediaset-cobro-mouliaa-entrevistas-television-presentar-denuncia-sumar-investigacion-interna-errejon.html,20250210201157
https://https/mujer/interior-elabora-manual-atencion-policial-victimas-violencia-machista-polemica-interrogatorio-juez-carretero-elisa-mouliaa.html,20250210201157
https://https/mujer/violencia-machista/juez-carretero-justifica-duro-interrogatorio-mouliaa-ninguna-autocritica-denuncia-contiene-terminos-groseros-tengo-culpa.html,20250210201157
https://https/mujer/violencia-machista/prision-permanente-revisable-asesinar-pareja-hija-valladolid.html,20250210201157
https://https/politica/tribunales/defensa-elisa-mouliaa-pide-sumar-aporte-resultados-investigacion-interna-testimonios-violencia-machista-errejon.html,20250210201157
https://https/sociedad/junta-cierra-unico-centro-andalucia-mujeres-adicciones-victimas-violencia-genero.html,20250210201157
https://https/mujer/violencia-machista/jueza-envia-prision-militar-asesino-pareja-ex-valladolid.html,20250210201157
https://https/mujer/violencia-machista/confirman-violencia-machista-asesinato-mujer-calcinada-cajero-logrono.html,20250210201157
https://https/mujer/violencia-machista/denuncian-tratamiento-informativo-medios-comunicacion-sobre-asesinato-machista-valladolid.html,20250210201157
https://https/mujer/senal-internacional-socorro-violencia-machista.html,20250905175650
https://https/mujer/violencia-machista/supremo-confirma-16-anos-carcel-exalcalde-leones-dejo-paraplejica-mujer.html,20250905175650
https://https/mujer/violencia-machista/edil-pp-manzanares-real-concejala-hacienda-te-salgan-callos-rodillas.html,20250905175650
https://https/politica/ayuntamiento-coruna-pide-cancelar-concierto-cigala-condena-violencia-machista.html,20250905175650
https://https/mujer/violencia-machista/redondo-llama-mayor-coordinacion-administraciones-alerta-maxima-violencia-genero.html,20250710145246
https://https/politica/interior/interior-ordena-reforzar-proteccion-victimas-violencia-machista-verano.html,20250710145246
https://https/mujer/igualdad/aumentan-jovenes-negacionistas-violencia-genero-consideran-invento-ideologico.html,20250710145246
https://https/mujer/violencia-machista/policia-detiene-hombre-asesinar-mujer-punaladas-getafe.html,20250710145246
https://https/mujer/violencia-machista/mujer-43-anos-asesinada-pareja-fuengirola.html,20250710145246
https://https/mujer/violencia-machista/mujer-asesinada-pareja-coruna-registrada-sistema-viogen.html,20250710145246
https://https/mujer/violencia-machista/mujer-asesinada-coruna-policia-detiene-presunto-autor-crimen-machista.html,20250710145246
https://https/mujer/violencia-machista/jurado-nueva-york-declara-culpable-harvey-weinstein-delito-agresion-sexual.html,20250710145246
https://https/mujer/violencia-machista/conselleira-igualdade-xunta-cumple-ocho-dias-apoyar-mujer-denuncio-villares.html,20250710145246
https://https/mujer/violencia-machista/fiscalia-italiana-pide-anular-sentencia-concedio-custodia-hijo-menor-juana-rivas-francesco-arcuri.html,20250710145246
https://https/mujer/violencia-machista/igualdad-eleva-13-mujeres-asesinadas-violencia-machista-2025-confirmar-caso-marbella.html,20250710145246
https://https/mujer/violencia-machista/mujer-asesinada-presuntamente-pareja-marbella.html,20250710145246
https://https/mujer/violencia-machista/mujer-denuncio-conselleiro-gallego-victima-ahora-prensa-amarilla-desprecio-xunta.html,20250710145246
https://https/mujer/violencia-machista/investigan-violencia-machista-asesinato-mujer-apartamento-lloret.html,20251006121009
https://https/politica/congreso/congreso-permite-vox-celebrar-acto-da-aire-bulo-denuncias-falsas-violencia-machista.html,20251006121009
https://https/mujer/violencia-machista/victimas-violencia-machista-proteccion-suben-7-4-ano-105-000-casos.html,20251006121009
https://https/mujer/violencia-machista/actor-depardieu-sentara-nuevo-banquillo-denuncias-violacion-actriz-charlotte-arnould.html,20251006121009
https://https/mujer/violencia-machista/ascienden-25-mujeres-asesinadas-violencia-machista-ano-crimen-motril-granada.html,20251006121009
https://https/mujer/violencia-machista/vox-puede-negar-machismo-mata-feministas-condenan-jornadas-sobre-denuncias-falsas-congreso.html,20250905175650
https://https/politica/pp-dice-tener-compromiso-violencia-machista-apoyar-jornadas-vox-sobre-ideologia-genero-denuncias-falsas.html,20250905175650
https://https/mujer/violencia-machista/detenido-granada-hombre-presunto-autor-asesinato-mujer-54-anos.html,20250905175650
https://https/mujer/violencia-machista/65-mujeres-discapacidad-sufre-tipo-violencia-machista.html,20250905175650
https://https/mujer/violencia-machista/detenido-encerrar-violar-pareja-12-dias-lliria-valencia.html,20250905175650
https://https/mujer/director-xunta-violencia-machista-culpa-mujeres-asesinatos-detonante-decision-dejarlo.html,20250905175650
https://https/mujer/violencia-machista/investigan-violencia-machista-muerte-mujer-78-anos-navarra.html,20250905175650
https://https/sociedad/migracion/mujeres-latinas-europa-crean-redes-apoyo-frente-violencia-machista-ninguna-debe-sentirse-sola.html,20250905175650
https://https/mujer/investigan-violencia-machista-muerte-dos-personas-arrolladas-tren-salamanca.html,20250905175650
https://https/mujer/violencia-machista/mujer-asesinada-pareja-marbella.html,20251116214844
https://https/politica/tribunales/bolanos-pide-cgpj-seguimiento-nuevas-competencias-juzgados-violencia-sobre-mujer.html,20251116214844
https://https/sociedad/reforma-ley-violencias-infancias-sira-rego-obligara-escuchar-siempre-menores.html,20251116214844
https://https/mujer/violencia-machista/nueva-sentencia-weinstein-agresion-sexual-vuelve-posponer-conocera-final-ano.html,20251116214844
https://https/mujer/violencia-machista/jueces-violencia-machista-avisan-colapso-asuman-casos-delitos-sexuales.html,20251006121009
https://https/mujer/violencia-machista/gobierno-lleva-consejo-ministros-anteproyecto-ley-violencia-vicaria.html,20251006121009
https://https/mujer/violencia-machista/detenido-asesinato-joven-arma-blanca-sevilla-madrugada.html,20251006121009
https://https/mujer/violencia-machista/condenado-edil-vox-benicassim-delito-violencia-machista.html,20251006121009
https://https/mujer/violencia-machista/condenan-hombre-violencia-vicaria-matar-perro-pareja-sentencia-pionera.html,20251006121009
https://https/mujer/violencia-machista/cristina-fallaras-anuncia-rapero-ayax-le-denunciado-atentar-honor.html,20251006121009
https://https/mujer/violencia-machista/arcuri-acudira-juicio-maltrato-hijos-llevando-mano-victima-testigo-principal-menor-ninos-juana-rivas.html,20251006121009
https://https/mujer/violencia-machista/igualdad-eleva-28-mujeres-asesinadas-ano-violencia-machista-confirmar-caso-algar.html,20251006121009
https://https/mujer/violencia-machista/violencias-machistas-digitales-normalizan-conversacion-bar-pero-pueden-tener-impacto-grave-agresion-fisica.html,20251006121009
https://https/mujer/violencia-machista/detenido-alcalde-vox-villacastin-segovia-agredir-mujer-calle.html,20251006121009
https://https/opinion/columnas/negacionismo-violencia-genero-campa-anchas.html,20251006121009
https://https/mujer/violencia-machista/igualdad-actualiza-cifra-asesinatos-machistas-27-2025-1-321-2003.html,20251006121009
https://https/mujer/violencia-machista/investigan-joven-asesinato-madre-vilagarcia-pontevedra.html,20251006121009
https://https/politica/memoria-publica/violencia-transicion-banquillo-familia-teofilo-valle-busca-justicia-medio-siglo-despues.html,20251116214844
https://https/mujer/violencia-machista/autopsia-pareja-fallecida-alpedrete-senala-marido-asesino-mujer.html,20251116214844
https://https/mujer/violencia-machista/muere-mujer-critico-agredida-pareja-barcelona.html,20251116214844
https://https/mujer/violencia-machista/igualdad-informa-fallo-varias-horas-sistema-pulseras-control-maltratadores.html,20251116214844
https://https/mujer/violencia-machista/54-000-madres-menores-cuentan-proteccion-policial-violencia-machista.html,20251116214844
https://https/mujer/violencia-machista/hombre-asesina-pareja-zaragoza.html,20251116214844
https://https/mujer/violencia-machista/ayuso-recorta-ayuntamientos-casi-mitad-fondos-luchar-violencia-genero.html,20251116214844
https://https/mujer/violencia-machista/detienen-hombre-asesinato-expareja-moguer-huelva.html,20251116214844
https://https/mujer/violencia-machista/jueza-dicta-ingreso-prision-cuatro-detenidos-agresion-sexual-pamplona.html,20251116214844
https://https/mujer/violencia-machista/juana-rivas-pedira-archivo-causa-sustraccion-menores-claro-madre-pretende-defender-hijo.html,20251116214844
https://https/mujer/violencia-machista/prision-fianza-pareja-mujer-hallada-descomposicion-alacant-complice.html,20251116214844
https://https/mujer/violencia-machista/detenido-hombre-asesinato-pareja-librilla-murcia.html,20251116214844
https://https/mujer/violencia-machista/detenida-mujer-foz-lugo-apunalar-expareja-tenia-orden-alejamiento.html,20251116214844
https://https/mujer/violencia-machista/fallos-permitieron-profesor-pederasta-violador-ourense-diera-fuga.html,20251116214844
https://https/sociedad/concurso-duele-todos-premiara-creatividad-estudiantes-concienciar-violencia-genero.html,20251116214844
https://https/mujer/violencia-machista/investigan-posible-asesinato-machista-muerte-mujer-atropellada-badajoz.html,20251116214844
https://https/opinion/columnas/precio-informar-sobre-violencia-machista.html,20251116214844
https://https/mujer/violencia-machista/archivada-causa-actor-juan-jose-ballesta-supuesta-agresion-sexual.html,20251116214844
https://https/mujer/violencia-machista/prision-fianza-hombre-84-anos-asesino-pareja-marbella.html,20251116214844
